<?xml version="1.0" encoding="UTF-8"?>
<GenRun Id="impl_1" LaunchPart="xc7a35tcsg324-1" LaunchTime="1529681897">
  <File Type="PWROPT-DRC" Name="FDivM_top_drc_pwropted.rpt"/>
  <File Type="OPT-METHODOLOGY-DRC" Name="FDivM_top_methodology_drc_opted.rpt"/>
  <File Type="INIT-TIMING" Name="FDivM_top_timing_summary_init.rpt"/>
  <File Type="ROUTE-PWR-RPX" Name="FDivM_top_power_routed.rpx"/>
  <File Type="PA-TCL" Name="FDivM_top.tcl"/>
  <File Type="OPT-HWDEF" Name="FDivM_top.hwdef"/>
  <File Type="RDI-RDI" Name="FDivM_top.vdi"/>
  <File Type="OPT-DCP" Name="FDivM_top_opt.dcp"/>
  <File Type="OPT-DRC" Name="FDivM_top_drc_opted.rpt"/>
  <File Type="OPT-TIMING" Name="FDivM_top_timing_summary_opted.rpt"/>
  <File Type="PWROPT-DCP" Name="FDivM_top_pwropt.dcp"/>
  <File Type="PWROPT-TIMING" Name="FDivM_top_timing_summary_pwropted.rpt"/>
  <File Type="PLACE-DCP" Name="FDivM_top_placed.dcp"/>
  <File Type="PLACE-IO" Name="FDivM_top_io_placed.rpt"/>
  <File Type="PLACE-CLK" Name="FDivM_top_clock_utilization_placed.rpt"/>
  <File Type="PLACE-UTIL" Name="FDivM_top_utilization_placed.rpt"/>
  <File Type="PLACE-UTIL-PB" Name="FDivM_top_utilization_placed.pb"/>
  <File Type="PLACE-CTRL" Name="FDivM_top_control_sets_placed.rpt"/>
  <File Type="PLACE-SIMILARITY" Name="FDivM_top_incremental_reuse_placed.rpt"/>
  <File Type="PLACE-PRE-SIMILARITY" Name="FDivM_top_incremental_reuse_pre_placed.rpt"/>
  <File Type="PLACE-TIMING" Name="FDivM_top_timing_summary_placed.rpt"/>
  <File Type="POSTPLACE-PWROPT-DCP" Name="FDivM_top_postplace_pwropt.dcp"/>
  <File Type="POSTPLACE-PWROPT-TIMING" Name="FDivM_top_timing_summary_postplace_pwropted.rpt"/>
  <File Type="PHYSOPT-DCP" Name="FDivM_top_physopt.dcp"/>
  <File Type="PHYSOPT-DRC" Name="FDivM_top_drc_physopted.rpt"/>
  <File Type="PHYSOPT-TIMING" Name="FDivM_top_timing_summary_physopted.rpt"/>
  <File Type="ROUTE-ERROR-DCP" Name="FDivM_top_routed_error.dcp"/>
  <File Type="ROUTE-DCP" Name="FDivM_top_routed.dcp"/>
  <File Type="ROUTE-BLACKBOX-DCP" Name="FDivM_top_routed_bb.dcp"/>
  <File Type="ROUTE-DRC" Name="FDivM_top_drc_routed.rpt"/>
  <File Type="ROUTE-DRC-PB" Name="FDivM_top_drc_routed.pb"/>
  <File Type="BG-BIN" Name="FDivM_top.bin"/>
  <File Type="ROUTE-DRC-RPX" Name="FDivM_top_drc_routed.rpx"/>
  <File Type="BG-DRC" Name="FDivM_top.drc"/>
  <File Type="ROUTE-METHODOLOGY-DRC" Name="FDivM_top_methodology_drc_routed.rpt"/>
  <File Type="BITSTR-MSK" Name="FDivM_top.msk"/>
  <File Type="ROUTE-METHODOLOGY-DRC-RPX" Name="FDivM_top_methodology_drc_routed.rpx"/>
  <File Type="BG-BGN" Name="FDivM_top.bgn"/>
  <File Type="ROUTE-METHODOLOGY-DRC-PB" Name="FDivM_top_methodology_drc_routed.pb"/>
  <File Type="ROUTE-PWR" Name="FDivM_top_power_routed.rpt"/>
  <File Type="ROUTE-PWR-SUM" Name="FDivM_top_power_summary_routed.pb"/>
  <File Type="ROUTE-STATUS" Name="FDivM_top_route_status.rpt"/>
  <File Type="ROUTE-STATUS-PB" Name="FDivM_top_route_status.pb"/>
  <File Type="ROUTE-TIMINGSUMMARY" Name="FDivM_top_timing_summary_routed.rpt"/>
  <File Type="ROUTE-TIMING-PB" Name="FDivM_top_timing_summary_routed.pb"/>
  <File Type="ROUTE-TIMING-RPX" Name="FDivM_top_timing_summary_routed.rpx"/>
  <File Type="ROUTE-SIMILARITY" Name="FDivM_top_incremental_reuse_routed.rpt"/>
  <File Type="ROUTE-CLK" Name="FDivM_top_clock_utilization_routed.rpt"/>
  <File Type="POSTROUTE-PHYSOPT-DCP" Name="FDivM_top_postroute_physopt.dcp"/>
  <File Type="POSTROUTE-PHYSOPT-BLACKBOX-DCP" Name="FDivM_top_postroute_physopt_bb.dcp"/>
  <File Type="POSTROUTE-PHYSOPT-TIMING" Name="FDivM_top_timing_summary_postroute_physopted.rpt"/>
  <File Type="POSTROUTE-PHYSOPT-TIMING-PB" Name="FDivM_top_timing_summary_postroute_physopted.pb"/>
  <File Type="POSTROUTE-PHYSOPT-TIMING-RPX" Name="FDivM_top_timing_summary_postroute_physopted.rpx"/>
  <File Type="BG-BIT" Name="FDivM_top.bit"/>
  <File Type="BITSTR-RBT" Name="FDivM_top.rbt"/>
  <File Type="BITSTR-NKY" Name="FDivM_top.nky"/>
  <File Type="BITSTR-BMM" Name="FDivM_top_bd.bmm"/>
  <File Type="BITSTR-MMI" Name="FDivM_top.mmi"/>
  <File Type="BITSTR-SYSDEF" Name="FDivM_top.sysdef"/>
  <File Type="WBT-USG" Name="usage_statistics_webtalk.html"/>
  <FileSet Name="sources" Type="DesignSrcs" RelSrcDir="$PSRCDIR/sources_1">
    <Filter Type="Srcs"/>
    <File Path="$PSRCDIR/sources_1/new/Angle_eight.v">
      <FileInfo>
        <Attr Name="ImportPath" Val="$PPRDIR/../../motor/project_motor/project_motor.srcs/sources_1/new/Angle_eight.v"/>
        <Attr Name="ImportTime" Val="1527501687"/>
        <Attr Name="UsedIn" Val="synthesis"/>
        <Attr Name="UsedIn" Val="implementation"/>
        <Attr Name="UsedIn" Val="simulation"/>
      </FileInfo>
    </File>
    <File Path="$PSRCDIR/sources_1/new/Angle_eighteen.v">
      <FileInfo>
        <Attr Name="UsedIn" Val="synthesis"/>
        <Attr Name="UsedIn" Val="implementation"/>
        <Attr Name="UsedIn" Val="simulation"/>
      </FileInfo>
    </File>
    <File Path="$PSRCDIR/sources_1/new/Angle_eleven.v">
      <FileInfo>
        <Attr Name="UsedIn" Val="synthesis"/>
        <Attr Name="UsedIn" Val="implementation"/>
        <Attr Name="UsedIn" Val="simulation"/>
      </FileInfo>
    </File>
    <File Path="$PSRCDIR/sources_1/new/Angle_fifteen.v">
      <FileInfo>
        <Attr Name="UsedIn" Val="synthesis"/>
        <Attr Name="UsedIn" Val="implementation"/>
        <Attr Name="UsedIn" Val="simulation"/>
      </FileInfo>
    </File>
    <File Path="$PSRCDIR/sources_1/new/Angle_five.v">
      <FileInfo>
        <Attr Name="ImportPath" Val="$PPRDIR/../../motor/project_motor/project_motor.srcs/sources_1/new/Angle_five.v"/>
        <Attr Name="ImportTime" Val="1527501033"/>
        <Attr Name="UsedIn" Val="synthesis"/>
        <Attr Name="UsedIn" Val="implementation"/>
        <Attr Name="UsedIn" Val="simulation"/>
      </FileInfo>
    </File>
    <File Path="$PSRCDIR/sources_1/new/Angle_four.v">
      <FileInfo>
        <Attr Name="ImportPath" Val="$PPRDIR/../../motor/project_motor/project_motor.srcs/sources_1/new/Angle_four.v"/>
        <Attr Name="ImportTime" Val="1527501937"/>
        <Attr Name="UsedIn" Val="synthesis"/>
        <Attr Name="UsedIn" Val="implementation"/>
        <Attr Name="UsedIn" Val="simulation"/>
      </FileInfo>
    </File>
    <File Path="$PSRCDIR/sources_1/new/Angle_fourteen.v">
      <FileInfo>
        <Attr Name="UsedIn" Val="synthesis"/>
        <Attr Name="UsedIn" Val="implementation"/>
        <Attr Name="UsedIn" Val="simulation"/>
      </FileInfo>
    </File>
    <File Path="$PSRCDIR/sources_1/new/Angle_nine.v">
      <FileInfo>
        <Attr Name="UsedIn" Val="synthesis"/>
        <Attr Name="UsedIn" Val="implementation"/>
        <Attr Name="UsedIn" Val="simulation"/>
      </FileInfo>
    </File>
    <File Path="$PSRCDIR/sources_1/new/Angle_nineteen.v">
      <FileInfo>
        <Attr Name="UsedIn" Val="synthesis"/>
        <Attr Name="UsedIn" Val="implementation"/>
        <Attr Name="UsedIn" Val="simulation"/>
      </FileInfo>
    </File>
    <File Path="$PSRCDIR/sources_1/new/Angle_one.v">
      <FileInfo>
        <Attr Name="ImportPath" Val="$PPRDIR/../../motor/project_motor/project_motor.srcs/sources_1/new/Angle_one.v"/>
        <Attr Name="ImportTime" Val="1527230547"/>
        <Attr Name="UsedIn" Val="synthesis"/>
        <Attr Name="UsedIn" Val="implementation"/>
        <Attr Name="UsedIn" Val="simulation"/>
      </FileInfo>
    </File>
    <File Path="$PSRCDIR/sources_1/new/Angle_seven.v">
      <FileInfo>
        <Attr Name="ImportPath" Val="$PPRDIR/../../motor/project_motor/project_motor.srcs/sources_1/new/Angle_seven.v"/>
        <Attr Name="ImportTime" Val="1527501351"/>
        <Attr Name="UsedIn" Val="synthesis"/>
        <Attr Name="UsedIn" Val="implementation"/>
        <Attr Name="UsedIn" Val="simulation"/>
      </FileInfo>
    </File>
    <File Path="$PSRCDIR/sources_1/new/Angle_seventeen.v">
      <FileInfo>
        <Attr Name="UsedIn" Val="synthesis"/>
        <Attr Name="UsedIn" Val="implementation"/>
        <Attr Name="UsedIn" Val="simulation"/>
      </FileInfo>
    </File>
    <File Path="$PSRCDIR/sources_1/new/Angle_six.v">
      <FileInfo>
        <Attr Name="ImportPath" Val="$PPRDIR/../../motor/project_motor/project_motor.srcs/sources_1/new/Angle_six.v"/>
        <Attr Name="ImportTime" Val="1527501419"/>
        <Attr Name="UsedIn" Val="synthesis"/>
        <Attr Name="UsedIn" Val="implementation"/>
        <Attr Name="UsedIn" Val="simulation"/>
      </FileInfo>
    </File>
    <File Path="$PSRCDIR/sources_1/new/Angle_sixteen.v">
      <FileInfo>
        <Attr Name="UsedIn" Val="synthesis"/>
        <Attr Name="UsedIn" Val="implementation"/>
        <Attr Name="UsedIn" Val="simulation"/>
      </FileInfo>
    </File>
    <File Path="$PSRCDIR/sources_1/new/Angle_ten.v">
      <FileInfo>
        <Attr Name="UsedIn" Val="synthesis"/>
        <Attr Name="UsedIn" Val="implementation"/>
        <Attr Name="UsedIn" Val="simulation"/>
      </FileInfo>
    </File>
    <File Path="$PSRCDIR/sources_1/new/Angle_thirteen.v">
      <FileInfo>
        <Attr Name="UsedIn" Val="synthesis"/>
        <Attr Name="UsedIn" Val="implementation"/>
        <Attr Name="UsedIn" Val="simulation"/>
      </FileInfo>
    </File>
    <File Path="$PSRCDIR/sources_1/new/Angle_three.v">
      <FileInfo>
        <Attr Name="ImportPath" Val="$PPRDIR/../../motor/project_motor/project_motor.srcs/sources_1/new/Angle_three.v"/>
        <Attr Name="ImportTime" Val="1527500979"/>
        <Attr Name="UsedIn" Val="synthesis"/>
        <Attr Name="UsedIn" Val="implementation"/>
        <Attr Name="UsedIn" Val="simulation"/>
      </FileInfo>
    </File>
    <File Path="$PSRCDIR/sources_1/new/Angle_twelve.v">
      <FileInfo>
        <Attr Name="UsedIn" Val="synthesis"/>
        <Attr Name="UsedIn" Val="implementation"/>
        <Attr Name="UsedIn" Val="simulation"/>
      </FileInfo>
    </File>
    <File Path="$PSRCDIR/sources_1/new/Angle_twentyfirst.v">
      <FileInfo>
        <Attr Name="UsedIn" Val="synthesis"/>
        <Attr Name="UsedIn" Val="implementation"/>
        <Attr Name="UsedIn" Val="simulation"/>
      </FileInfo>
    </File>
    <File Path="$PSRCDIR/sources_1/new/Angle_twentyfour.v">
      <FileInfo>
        <Attr Name="UsedIn" Val="synthesis"/>
        <Attr Name="UsedIn" Val="implementation"/>
        <Attr Name="UsedIn" Val="simulation"/>
      </FileInfo>
    </File>
    <File Path="$PSRCDIR/sources_1/new/Angle_twentythree.v">
      <FileInfo>
        <Attr Name="UsedIn" Val="synthesis"/>
        <Attr Name="UsedIn" Val="implementation"/>
        <Attr Name="UsedIn" Val="simulation"/>
      </FileInfo>
    </File>
    <File Path="$PSRCDIR/sources_1/new/Angle_twentytwo.v">
      <FileInfo>
        <Attr Name="UsedIn" Val="synthesis"/>
        <Attr Name="UsedIn" Val="implementation"/>
        <Attr Name="UsedIn" Val="simulation"/>
      </FileInfo>
    </File>
    <File Path="$PSRCDIR/sources_1/new/Angle_two.v">
      <FileInfo>
        <Attr Name="ImportPath" Val="$PPRDIR/../../motor/project_motor/project_motor.srcs/sources_1/new/Angle_two.v"/>
        <Attr Name="ImportTime" Val="1527500910"/>
        <Attr Name="UsedIn" Val="synthesis"/>
        <Attr Name="UsedIn" Val="implementation"/>
        <Attr Name="UsedIn" Val="simulation"/>
      </FileInfo>
    </File>
    <File Path="$PSRCDIR/sources_1/new/FDiG.v">
      <FileInfo>
        <Attr Name="UsedIn" Val="synthesis"/>
        <Attr Name="UsedIn" Val="implementation"/>
        <Attr Name="UsedIn" Val="simulation"/>
      </FileInfo>
    </File>
    <File Path="$PSRCDIR/sources_1/new/FDiN.v">
      <FileInfo>
        <Attr Name="UsedIn" Val="synthesis"/>
        <Attr Name="UsedIn" Val="implementation"/>
        <Attr Name="UsedIn" Val="simulation"/>
      </FileInfo>
    </File>
    <File Path="$PSRCDIR/sources_1/new/FDivM.v">
      <FileInfo>
        <Attr Name="ImportPath" Val="$PPRDIR/../../motor/project_motor/project_motor.srcs/sources_1/new/FDivM.v"/>
        <Attr Name="ImportTime" Val="1523861394"/>
        <Attr Name="UsedIn" Val="synthesis"/>
        <Attr Name="UsedIn" Val="implementation"/>
        <Attr Name="UsedIn" Val="simulation"/>
      </FileInfo>
    </File>
    <File Path="$PSRCDIR/sources_1/new/FDivM_top.v">
      <FileInfo>
        <Attr Name="ImportPath" Val="$PPRDIR/../../motor/project_motor/project_motor.srcs/sources_1/new/FDivM_top.v"/>
        <Attr Name="ImportTime" Val="1527502908"/>
        <Attr Name="UsedIn" Val="synthesis"/>
        <Attr Name="UsedIn" Val="implementation"/>
        <Attr Name="UsedIn" Val="simulation"/>
      </FileInfo>
    </File>
    <Config>
      <Option Name="DesignMode" Val="RTL"/>
      <Option Name="TopModule" Val="FDivM_top"/>
      <Option Name="TopAutoSet" Val="TRUE"/>
    </Config>
  </FileSet>
  <FileSet Name="constrs_in" Type="Constrs" RelSrcDir="$PSRCDIR/constrs_1">
    <Filter Type="Constrs"/>
    <File Path="$PSRCDIR/constrs_1/new/FDivM.xdc">
      <FileInfo>
        <Attr Name="ImportPath" Val="$PPRDIR/../../motor/project_motor/project_motor.srcs/constrs_1/new/FDivM.xdc"/>
        <Attr Name="ImportTime" Val="1527502269"/>
        <Attr Name="UsedIn" Val="synthesis"/>
        <Attr Name="UsedIn" Val="implementation"/>
      </FileInfo>
    </File>
    <Config>
      <Option Name="TargetConstrsFile" Val="$PSRCDIR/constrs_1/new/FDivM.xdc"/>
      <Option Name="ConstrsType" Val="XDC"/>
    </Config>
  </FileSet>
  <Strategy Version="1" Minor="2">
    <StratHandle Name="Vivado Implementation Defaults" Flow="Vivado Implementation 2017"/>
    <Step Id="init_design"/>
    <Step Id="opt_design"/>
    <Step Id="power_opt_design"/>
    <Step Id="place_design"/>
    <Step Id="post_place_power_opt_design"/>
    <Step Id="phys_opt_design"/>
    <Step Id="route_design"/>
    <Step Id="post_route_phys_opt_design"/>
    <Step Id="write_bitstream"/>
  </Strategy>
</GenRun>
